1996-02-01,3.7962820529937744,11.875,12.5625,9.375,9.375,1593600
1996-03-01,3.9294843673706055,12.291666030883789,12.708333015441895,11.5,11.875,2484000
1996-04-01,4.913852214813232,15.370833396911621,15.625,11.666666030883789,12.291666030883789,14594400
1996-05-01,4.578180313110352,14.320833206176758,16.125,13.877082824707031,15.370833396911621,4308000
1996-06-01,4.58217716217041,14.333333015441895,15.208333015441895,13.166666030883789,14.320833206176758,10992000
1996-07-01,3.8192501068115234,11.829166412353516,14.375,10.541666030883789,13.75,2872800
1996-08-01,3.759385585784912,11.643750190734863,12.485416412353516,11.041666030883789,12.485416412353516,1310400
1996-09-01,3.780238151550293,11.708333015441895,11.833333015441895,10.84375,11.5,13308000
1996-10-01,3.880460500717163,12.018750190734863,12.289583206176758,10.835415840148926,11.729166030883789,37780800
1996-11-01,3.6860671043395996,11.416666030883789,12.487500190734863,11.335415840148926,11.75,11812800
1996-12-01,3.8676810264587402,11.979166030883789,12.445833206176758,10.833333015441895,11.458333015441895,4850400
1997-01-01,4.775745868682861,14.791666030883789,16.15625,11.793749809265137,11.979166030883789,5284800
1997-02-01,5.1154279708862305,15.84375,16.245832443237305,14.208333015441895,14.583333015441895,18676800
1997-03-01,4.9566850662231445,15.352083206176758,17.079166412353516,14.375,16.57291603088379,16236000
1997-04-01,5.156459808349609,15.970832824707031,16.25,15.208333015441895,15.208333015441895,10536000
1997-05-01,5.381120681762695,16.66666603088379,17.708332061767578,15.916666030883789,15.970832824707031,51972000
1997-06-01,6.135150909423828,19.00208282470703,19.375,15.958333015441895,16.66666603088379,48321600
1997-07-01,6.2687530517578125,19.270832061767578,19.66666603088379,18.16666603088379,19.66666603088379,16456800
1997-08-01,5.860774040222168,18.016666412353516,20.66666603088379,17.708332061767578,19.083332061767578,7740000
1997-09-01,6.39141845703125,19.647916793823242,19.75,17.5,17.79166603088379,12244800
1997-10-01,5.828245639801025,17.91666603088379,19.458332061767578,17.116666793823242,18.420833587646484,12328800
1997-11-01,5.774705410003662,17.75208282470703,18.081249237060547,16.25,17.91666603088379,14349600
1997-12-01,5.6927032470703125,17.5,17.864582061767578,14.625,17.5,7809600
1998-01-01,4.631420612335205,14.237500190734863,18.5625,14.166666030883789,17.412500381469727,7442400
1998-02-01,5.124112129211426,15.752082824707031,16.04166603088379,14.0,14.375,12492000
1998-03-01,5.0211005210876465,15.435416221618652,16.66666603088379,15.0,15.59375,5289600
1998-04-01,5.421622276306152,16.66666603088379,17.333332061767578,15.833333015441895,16.208332061767578,20904000
1998-05-01,4.821854591369629,14.822916030883789,16.66666603088379,14.0,16.66666603088379,9388800
1998-06-01,4.739852428436279,14.570833206176758,16.375,12.962499618530273,15.125,5611200
1998-07-01,4.337296485900879,13.333333015441895,14.375,12.916666030883789,14.375,9316800
1998-08-01,3.430532217025757,10.545832633972168,13.412500381469727,9.75,12.75,50042400
1998-09-01,3.6738319396972656,11.102083206176758,11.854166030883789,8.962499618530273,10.258333206176758,65577600
1998-10-01,3.538708209991455,10.693750381469727,11.489583015441895,8.649999618530273,11.102083206176758,42343200
1998-11-01,3.371183395385742,10.1875,11.354166030883789,9.964583396911621,10.739583015441895,13336800
1998-12-01,3.260878086090088,9.854166030883789,10.414583206176758,8.416666030883789,10.291666030883789,46585080
1999-01-01,2.905836343765259,8.78125,10.875,8.666666030883789,9.787500381469727,28531680
1999-02-01,2.9161763191223145,8.8125,9.03125,7.610415935516357,8.885416030883789,31012440
1999-03-01,2.7376210689544678,8.272915840148926,9.181249618530273,7.162499904632568,8.127082824707031,51361584
1999-04-01,2.3377671241760254,7.064582824707031,8.3125,5.439582824707031,8.3125,46694760
1999-05-01,3.4332289695739746,10.375,12.708333015441895,6.3333330154418945,7.116665840148926,121534992
1999-06-01,3.553875684738159,10.739583015441895,11.745833396911621,9.583333015441895,10.25,62560632
1999-07-01,3.583519697189331,10.829166412353516,13.625,10.272915840148926,10.75,68956776
1999-08-01,3.7737948894500732,11.404166221618652,12.041666030883789,9.050000190734863,10.708333015441895,106049112
1999-09-01,4.1136555671691895,11.787500381469727,12.960415840148926,10.708333015441895,11.370833396911621,42913728
1999-10-01,4.255430221557617,12.193750381469727,14.125,11.34375,11.875,25595688
1999-11-01,5.469604969024658,15.672916412353516,18.125,11.691665649414062,12.041666030883789,15278856
1999-12-01,5.543039321899414,15.883333206176758,18.82291603088379,14.625,16.039583206176758,24864456
2000-01-01,5.557578086853027,15.925000190734863,16.958332061767578,14.056249618530273,16.875,22420536
2000-02-01,3.98860239982605,11.429165840148926,17.04166603088379,10.368749618530273,15.833333015441895,26153424
2000-03-01,3.787935733795166,10.854166030883789,12.1875,7.7083330154418945,12.1875,21195480
2000-04-01,2.5504953861236572,7.308332920074463,11.722915649414062,7.308332920074463,11.125,19344984
2000-05-01,2.9867260456085205,8.558333396911621,10.333333015441895,6.1875,7.308332920074463,81595536
2000-06-01,2.7976925373077393,8.016666412353516,9.416666030883789,7.53125,8.170832633972168,35113080
2000-07-01,2.629744052886963,7.535416126251221,10.125,7.416666030883789,8.197916030883789,36680256
2000-08-01,2.739041566848755,7.3333330154418945,7.916666030883789,6.625,7.125,28574352
2000-09-01,2.540616273880005,6.8020830154418945,8.0,6.383333206176758,7.3333330154418945,41959920
2000-10-01,2.682236671447754,7.181250095367432,7.329165935516357,6.125,6.8020830154418945,46037544
2000-11-01,3.3693318367004395,9.020833015441895,9.458333015441895,7.3333330154418945,7.487500190734863,75360600
2000-12-01,3.7910823822021484,10.149999618530273,11.0,8.835415840148926,8.958333015441895,60624072
2001-01-01,4.818223476409912,12.899999618530273,13.691665649414062,10.116665840148926,10.316665649414062,137958108
2001-02-01,5.479638576507568,14.670832633972168,17.458332061767578,12.029166221618652,12.833333015441895,150520464
2001-03-01,5.962083339691162,15.962499618530273,17.741666793823242,12.6875,14.824999809265137,75105900
2001-04-01,6.0710225105285645,16.254165649414062,19.495832443237305,14.416666030883789,15.416666030883789,44510592
2001-05-01,6.075690746307373,16.266666412353516,17.958332061767578,14.833333015441895,16.254165649414062,41290392
2001-06-01,5.851586818695068,15.666666030883789,16.620832443237305,14.020833015441895,16.454166412353516,51089028
2001-07-01,5.9189772605896,15.512499809265137,15.991665840148926,13.583333015441895,15.816665649414062,19966092
2001-08-01,5.546955108642578,14.537500381469727,15.579166412353516,14.420832633972168,15.416666030883789,16216956
2001-09-01,5.209970951080322,13.383333206176758,14.495833396911621,9.583333015441895,14.175000190734863,24083136
2001-10-01,5.667384624481201,14.558333396911621,14.75,12.520833015441895,13.75,31502604
2001-11-01,6.10371208190918,15.679165840148926,16.54166603088379,13.945833206176758,14.583333015441895,21162696
2001-12-01,6.183192253112793,15.883333206176758,19.858333587646484,14.883333206176758,15.895833015441895,33412140
2002-01-01,7.000695705413818,17.983333587646484,18.79166603088379,15.083333015441895,15.958333015441895,37904952
2002-02-01,9.209906578063965,23.65833282470703,27.395832061767578,18.183332443237305,18.25,290969004
2002-03-01,10.658384323120117,27.379165649414062,28.058332443237305,23.60416603088379,23.75,301437228
2002-04-01,9.49538516998291,24.391666412353516,29.225000381469727,22.320833206176758,27.583332061767578,256376316
2002-05-01,8.325895309448242,21.387500762939453,26.070833206176758,19.029165267944336,24.391666412353516,332596884
2002-06-01,8.671390533447266,22.274999618530273,24.66666603088379,20.091665267944336,21.716665267944336,256896984
2002-07-01,9.461318016052246,24.304166793823242,25.950000762939453,21.833332061767578,21.833332061767578,351892140
2002-08-01,8.914694786071777,22.899999618530273,26.66666603088379,22.091665267944336,24.4375,257832732
2002-09-01,5.787432670593262,14.333333015441895,23.083332061767578,14.233332633972168,23.0,749746284
2002-10-01,6.369541645050049,15.774999618530273,18.333332061767578,14.112500190734863,14.208333015441895,624809316
2002-11-01,6.414965629577637,15.887499809265137,16.491666793823242,13.033332824707031,15.891666412353516,291655200
2002-12-01,7.289809703826904,18.054166793823242,19.491666793823242,16.0,16.083332061767578,933614892
2003-01-01,6.460387706756592,16.0,20.03333282470703,15.416666030883789,18.120832443237305,752564064
2003-02-01,7.609638214111328,18.649999618530273,19.049999237060547,16.0,16.16666603088379,345136668
2003-03-01,7.546735763549805,18.495832443237305,19.333332061767578,17.066665649414062,18.833332061767578,195790020
2003-04-01,7.856154918670654,19.254165649414062,19.983333587646484,18.350000381469727,18.35416603088379,116519784
2003-05-01,9.092123985290527,22.28333282470703,22.725000381469727,18.75,19.254165649414062,233929368
2003-06-01,9.665055274963379,23.6875,24.616666793823242,21.270832061767578,22.625,396852084
2003-07-01,8.973118782043457,21.991666793823242,25.566665649414062,20.012500762939453,23.825000762939453,414681036
2003-08-01,11.858936309814453,27.78333282470703,28.833332061767578,21.825000762939453,22.391666412353516,349510572
2003-09-01,13.070086479187012,30.620832443237305,31.366666793823242,23.333332061767578,28.975000381469727,522491964
2003-10-01,12.221753120422363,28.633333206176758,32.041664123535156,26.112499237060547,30.620832443237305,328367448
2003-11-01,12.739287376403809,29.84583282470703,31.233333587646484,28.16666603088379,29.16666603088379,197872524
2003-12-01,16.02059555053711,37.53333282470703,38.90833282470703,30.0,30.083332061767578,356107212
2004-01-01,16.523908615112305,38.712501525878906,44.416664123535156,35.69166564941406,37.83333206176758,363231312
2004-02-01,16.588382720947266,38.34583282470703,41.829166412353516,34.58333206176758,38.712501525878906,241879980
2004-03-01,17.276933670043945,39.9375,43.25,35.916664123535156,38.75,273988560
2004-04-01,16.963300704956055,39.212501525878906,42.77083206176758,38.166664123535156,40.166664123535156,230344560
2004-05-01,10.699625015258789,24.733333587646484,41.666664123535156,19.16666603088379,39.08333206176758,308170224
2004-06-01,12.812150001525879,29.616666793823242,31.333332061767578,24.833332061767578,25.0,251252748
2004-07-01,12.49491024017334,28.883333206176758,31.25,22.975000381469727,29.583332061767578,198640404
2004-08-01,13.094582557678223,29.270832061767578,30.200000762939453,25.91666603088379,28.0,150507456
2004-09-01,13.096444129943848,29.274999618530273,31.200000762939453,27.591665267944336,29.491666793823242,140237160
2004-10-01,12.908183097839355,28.85416603088379,30.933332443237305,27.9375,29.520832061767578,123425892
2004-11-01,14.647292137145996,32.74166488647461,36.650001525878906,27.924999237060547,28.733333587646484,226972824
2004-12-01,17.120811462402344,38.27083206176758,38.916664123535156,33.104164123535156,33.31666564941406,212357952
2005-01-01,16.019895553588867,35.40416717529297,39.57500076293945,31.91666603088379,39.0,149660568
2005-02-01,16.14621353149414,35.68333435058594,38.31666564941406,34.166664123535156,35.58333206176758,160177824
2005-03-01,13.329488754272461,29.458332061767578,36.25,28.333332061767578,36.25,172488132
2005-04-01,13.071198463439941,28.887500762939453,31.8125,28.716665267944336,29.53333282470703,103112880
2005-05-01,14.73596477508545,32.56666564941406,33.5,29.25,29.341665267944336,108662520
2005-06-01,13.849849700927734,30.608333587646484,33.33333206176758,30.091665267944336,32.57500076293945,95366124
2005-07-01,14.102603912353516,30.549999237060547,180.1999969482422,28.25,30.833332061767578,58866624
2005-08-01,13.833320617675781,29.966665267944336,32.83333206176758,28.333332061767578,29.995832443237305,83811156
2005-09-01,15.57595443725586,33.74166488647461,35.166664123535156,30.008333206176758,30.008333206176758,128055324
2005-10-01,14.141072273254395,30.633333206176758,35.78333282470703,30.25,33.416664123535156,88717200
2005-11-01,16.887731552124023,36.58333206176758,37.916664123535156,30.6875,30.6875,93582696
2005-12-01,16.739622116088867,36.26250076293945,37.33333206176758,33.44166564941406,36.666664123535156,96302016
2006-01-01,15.935630798339844,34.52083206176758,39.258331298828125,34.337501525878906,36.26250076293945,61382904
2006-02-01,16.753089904785156,36.291664123535156,38.33333206176758,33.33333206176758,34.52083206176758,93075420
2006-03-01,16.360708236694336,35.44166564941406,36.83333206176758,32.17499923706055,35.416664123535156,63245568
2006-04-01,16.851179122924805,36.50416564941406,39.5,34.17916488647461,35.58333206176758,46599696
2006-05-01,15.243195533752441,33.02083206176758,42.08333206176758,29.174999237060547,36.666664123535156,89719572
2006-06-01,12.867761611938477,27.875,33.666664123535156,24.25,32.920833587646484,65822904
2006-07-01,12.019523620605469,26.037500381469727,30.0,24.833332061767578,28.316665649414062,44286300
2006-08-01,13.908333778381348,30.129165649414062,32.891666412353516,25.091665267944336,26.0,134912844
2006-09-01,14.09106159210205,30.524999618530273,33.33333206176758,30.045833587646484,31.65833282470703,222531516
2006-10-01,15.422074317932129,33.40833282470703,35.07500076293945,30.524999618530273,30.524999618530273,169615512
2006-11-01,13.244749069213867,28.691665649414062,34.86249923706055,28.54166603088379,34.166664123535156,166120716
2006-12-01,13.093159675598145,28.170833587646484,29.25,26.087499618530273,28.75,167070576
2007-01-01,13.958807945251465,30.03333282470703,31.233333587646484,27.633333206176758,28.170833587646484,131086716
2007-02-01,12.255048751831055,25.9375,29.995832443237305,24.41666603088379,29.583332061767578,84469992
2007-03-01,11.920373916625977,25.22916603088379,29.899999618530273,23.487499237060547,26.233333587646484,125025360
2007-04-01,13.121270179748535,27.770832061767578,28.995832443237305,24.25,25.208332061767578,70649568
2007-05-01,14.22176456451416,30.100000381469727,33.33333206176758,27.149999618530273,27.770832061767578,132537804
2007-06-01,13.404763221740723,28.370832443237305,30.833332061767578,27.195833206176758,30.16666603088379,98595312
2007-07-01,12.650755882263184,26.774999618530273,30.825000762939453,25.25,28.41666603088379,92168292
2007-08-01,12.255048751831055,25.9375,27.162500381469727,24.825000762939453,26.66666603088379,81291000
2007-09-01,14.072144508361816,29.78333282470703,33.25,24.833332061767578,25.837499618530273,129363684
2007-10-01,13.962725639343262,28.600000381469727,32.375,26.274999618530273,30.083332061767578,102747516
2007-11-01,15.718232154846191,32.195831298828125,38.75,27.774999618530273,28.966665267944336,242631936
2007-12-01,21.30414390563965,43.63750076293945,45.483333587646484,32.508331298828125,32.82500076293945,230574624
2008-01-01,14.709271430969238,30.129165649414062,46.400001525878906,29.258333206176758,44.141666412353516,220884084
2008-02-01,18.90988540649414,38.733333587646484,40.25,29.508333206176758,30.825000762939453,139754952
2008-03-01,16.621417999267578,34.045833587646484,39.650001525878906,31.16666603088379,37.608333587646484,123486252
2008-04-01,16.6560001373291,34.11666488647461,36.666664123535156,31.320833206176758,34.03333282470703,86946396
2008-05-01,14.520092010498047,29.741666793823242,34.99166488647461,27.529165267944336,34.11666488647461,122937204
2008-06-01,9.10506534576416,18.649999618530273,30.975000381469727,18.433332443237305,30.200000762939453,228763404
2008-07-01,13.340261459350586,27.325000762939453,28.25,17.16666603088379,19.333332061767578,120251772
2008-08-01,12.317057609558105,25.22916603088379,30.5,23.225000381469727,27.083332061767578,147808872
2008-09-01,14.65638542175293,30.020832061767578,31.237499237060547,24.333332061767578,25.0,268474560
2008-10-01,11.813996315002441,23.924999237060547,32.15833282470703,18.850000381469727,29.833332061767578,207628068
2008-11-01,14.616273880004883,29.600000381469727,30.825000762939453,23.524999618530273,24.16666603088379,126206124
2008-12-01,15.476293563842773,31.341665267944336,33.33333206176758,26.162500381469727,30.0,196135032
2009-01-01,16.12851333618164,32.662498474121094,35.275001525878906,29.254165649414062,31.41666603088379,180263292
2009-02-01,15.756113052368164,31.90833282470703,35.15833282470703,30.633333206176758,32.03333282470703,106010352
2009-03-01,15.474242210388184,31.337499618530273,32.65833282470703,27.458332061767578,30.875,152918568
2009-04-01,15.883671760559082,32.166664123535156,33.27916717529297,30.112499237060547,31.66666603088379,133356996
2009-05-01,19.12213134765625,38.724998474121094,43.03333282470703,29.049999237060547,32.166664123535156,295214556
2009-06-01,17.6983642578125,35.84166717529297,41.0,34.0,39.58333206176758,284952720
2009-07-01,19.504823684692383,39.5,41.58333206176758,34.65833282470703,34.65833282470703,191162688
2009-08-01,20.891555786132812,42.30833435058594,45.36249923706055,37.95833206176758,39.633331298828125,190166400
2009-09-01,23.955291748046875,47.837501525878906,50.099998474121094,42.25,42.90833282470703,205692600
2009-10-01,21.342973709106445,42.62083435058594,48.0,40.150001525878906,47.541664123535156,131274828
2009-11-01,24.625070571899414,49.17499923706055,49.68333435058594,41.45833206176758,42.416664123535156,138797580
2009-12-01,26.521713256835938,52.962501525878906,53.791664123535156,48.45000076293945,49.39583206176758,142234392
2010-01-01,22.569849014282227,45.070831298828125,54.79999923706055,43.920833587646484,52.95833206176758,146592600
2010-02-01,23.5338191986084,46.99583435058594,51.08333206176758,45.400001525878906,45.650001525878906,181832232
2010-03-01,21.618396759033203,43.170833587646484,47.58333206176758,41.854164123535156,46.99583435058594,165454092
2010-04-01,21.59544563293457,43.125,43.49166488647461,40.70000076293945,43.20833206176758,125468700
2010-05-01,24.251577377319336,48.42916488647461,49.125,42.416664123535156,43.416664123535156,187527552
2010-06-01,27.65677833557129,55.229164123535156,56.041664123535156,42.962501525878906,48.58333206176758,556575552
2010-07-01,26.7720947265625,53.462501525878906,59.90833282470703,51.78333282470703,55.25,523025760
2010-08-01,31.7672119140625,63.4375,70.0,53.12083435058594,53.51250076293945,481343724
2010-09-01,31.278968811035156,62.462501525878906,68.16666412353516,61.666664123535156,63.916664123535156,295148664
2010-10-01,31.03830337524414,60.837501525878906,64.68333435058594,57.38750076293945,62.483333587646484,277237860
2010-11-01,28.699960708618164,56.25416564941406,65.41666412353516,54.09583282470703,61.58333206176758,169758840
2010-12-01,27.992082595825195,54.86666488647461,60.15833282470703,54.22083282470703,56.62083435058594,180979428
2011-01-01,26.0618896484375,51.08333206176758,55.82500076293945,47.09583282470703,55.166664123535156,166762752
2011-02-01,23.530101776123047,46.12083435058594,53.70000076293945,44.11249923706055,50.40416717529297,158910372
2011-03-01,26.012990951538086,50.98749923706055,51.974998474121094,44.84166717529297,46.5,152456796
2011-04-01,26.765520095825195,52.462501525878906,53.15833282470703,48.75,50.125,93936492
2011-05-01,26.912195205688477,52.75,56.71666717529297,49.58333206176758,52.5,198405348
2011-06-01,27.645580291748047,54.1875,57.224998474121094,49.849998474121094,52.34166717529297,170946744
2011-07-01,27.968700408935547,54.820831298828125,66.40833282470703,53.08333206176758,54.24583435058594,96037332
2011-08-01,28.680831909179688,56.21666717529297,59.537498474121094,54.287498474121094,55.09166717529297,129939000
2011-09-01,27.541418075561523,53.983333587646484,57.454166412353516,52.67499923706055,56.21666717529297,87613548
2011-10-01,27.024341583251953,51.883331298828125,57.83333206176758,51.34583282470703,53.99583435058594,74082480
2011-11-01,23.35005760192871,44.829166412353516,53.5,40.54999923706055,51.666664123535156,137822628
2011-12-01,20.739208221435547,39.81666564941406,47.20000076293945,39.0625,45.24166488647461,146514564
2012-01-01,24.834522247314453,47.67916488647461,49.15416717529297,38.170833587646484,40.40833282470703,151161096
2012-02-01,28.745372772216797,55.1875,57.087501525878906,46.39583206176758,47.5,188308776
2012-03-01,30.394794464111328,58.354164123535156,58.65833282470703,51.875,55.25,116114784
2012-04-01,29.109983444213867,55.88750076293945,59.06666564941406,53.77083206176758,57.83333206176758,71671308
2012-05-01,30.28193473815918,58.13750076293945,64.16666412353516,53.84166717529297,55.88750076293945,216029136
2012-06-01,32.2916145324707,61.99583435058594,64.58333587646484,57.025001525878906,58.08333206176758,121002252
2012-07-01,31.538516998291016,60.54999923706055,65.77916717529297,58.59166717529297,61.77916717529297,116675154
2012-08-01,29.481624603271484,55.80833435058594,60.33333206176758,55.358333587646484,60.25,110832804
2012-09-01,30.701032638549805,58.11666488647461,62.81666564941406,54.86666488647461,55.849998474121094,164520894
2012-10-01,29.719341278076172,56.258331298828125,61.46666717529297,55.900001525878906,59.08333206176758,96269826
2012-11-01,30.595378875732422,57.916664123535156,58.25,52.5,56.33333206176758,86200134
2012-12-01,31.37457847595215,59.391666412353516,60.983333587646484,56.758331298828125,57.5,94972476
2013-01-01,36.13777542114258,68.40833282470703,74.83333587646484,58.883331298828125,59.58333206176758,281105682
2013-02-01,32.748069763183594,61.99166488647461,71.5250015258789,61.416664123535156,68.66666412353516,151063464
2013-03-01,33.254329681396484,62.95000076293945,68.40833282470703,60.233333587646484,62.166664123535156,119018664
2013-04-01,36.47233963012695,69.04166412353516,70.38333129882812,60.83333206176758,62.83333206176758,101428422
2013-05-01,33.179481506347656,62.80833435058594,71.38333129882812,62.20000076293945,69.04166412353516,138217668
2013-06-01,32.30784606933594,61.15833282470703,63.54999923706055,55.79999923706055,63.33333206176758,115338000
2013-07-01,28.504337310791016,53.95833206176758,63.34166717529297,48.125,61.666664123535156,149141196
2013-08-01,24.036087036132812,45.5,54.608333587646484,42.65833282470703,54.608333587646484,248074746
2013-09-01,29.1646728515625,55.20833206176758,57.758331298828125,43.59166717529297,46.33333206176758,264643320
2013-10-01,32.9166145324707,59.92499923706055,61.93333435058594,53.40833282470703,54.758331298828125,165841578
2013-11-01,31.126827239990234,56.666664123535156,63.57500076293945,53.61666488647461,59.99166488647461,163684326
2013-12-01,31.85007095336914,57.983333587646484,62.483333587646484,55.36666488647461,57.0,142842126
2014-01-01,33.204994201660156,60.45000076293945,60.83333206176758,52.67499923706055,58.349998474121094,164988126
2014-02-01,34.6057014465332,63.0,64.16666412353516,57.03333282470703,61.0,108049044
2014-03-01,42.117340087890625,76.67500305175781,78.2249984741211,62.03333282470703,62.83333206176758,216578478
2014-04-01,41.64585494995117,75.81666564941406,82.28333282470703,71.94166564941406,76.51666259765625,192697902
2014-05-01,47.779666900634766,86.98332977294922,98.16666412353516,75.81666564941406,75.81666564941406,199830102
2014-06-01,54.96631622314453,100.06666564941406,108.33333587646484,87.29166412353516,87.5,304138524
2014-07-01,53.112430572509766,96.69166564941406,102.16666412353516,92.75,101.67500305175781,187245600
2014-08-01,63.56280517578125,115.71666717529297,116.55000305175781,93.41666412353516,97.08333587646484,202415568
2014-09-01,60.00151443481445,109.23332977294922,120.4749984741211,99.55833435058594,116.83333587646484,180654978
2014-10-01,68.00015258789062,120.79166412353516,121.48332977294922,107.39166259765625,110.00833129882812,151189230
2014-11-01,70.01740264892578,124.375,130.8333282470703,117.50833129882812,121.75,210932766
2014-12-01,60.61137771606445,107.66666412353516,126.91666412353516,104.16666412353516,126.66666412353516,192724548
2015-01-01,70.26134490966797,124.80833435058594,127.20833587646484,105.0,108.1500015258789,187055052
2015-02-01,69.82975006103516,124.04166412353516,128.8000030517578,114.83333587646484,124.33333587646484,176275356
2015-03-01,76.0738525390625,135.13333129882812,135.98333740234375,118.8499984741211,126.6500015258789,182041164
2015-04-01,71.75318145751953,127.45833587646484,139.1666717529297,120.06666564941406,135.15834045410156,146946954
2015-05-01,79.7658920288086,141.69166564941406,142.5,117.26666259765625,127.45833587646484,136084962
2015-06-01,82.50560760498047,146.55833435058594,147.3249969482422,133.8333282470703,141.85000610351562,176362464
2015-07-01,86.95293426513672,154.4583282470703,164.5,143.875,147.5,244550970
2015-08-01,82.8668212890625,147.1999969482422,163.25833129882812,133.81666564941406,155.6666717529297,252358374
2015-09-01,81.91134643554688,141.78334045410156,149.8249969482422,135.26666259765625,145.1999969482422,153180648
2015-10-01,83.87560272216797,145.18333435058594,154.26666259765625,139.5416717529297,142.875,146674884
2015-11-01,86.82679748535156,150.2916717529297,154.00833129882812,143.59165954589844,145.5,107026344
2015-12-01,85.9168701171875,148.71665954589844,157.81666564941406,144.5416717529297,150.36666870117188,122255904
2016-01-01,85.99871826171875,148.85833740234375,157.8333282470703,143.5,148.8333282470703,152267874
2016-02-01,74.06877136230469,128.2083282470703,148.875,121.85832977294922,148.5,239523762
2016-03-01,88.32675170898438,150.71665954589844,153.64999389648438,128.1666717529297,128.2083282470703,203566218
2016-04-01,95.95227813720703,163.0,165.7916717529297,146.4250030517578,150.0,122546454
2016-05-01,96.19754791259766,163.4166717529297,170.78334045410156,146.85833740234375,163.6666717529297,158596758
2016-06-01,105.18940734863281,178.69166564941406,179.6666717529297,161.52499389648438,165.8333282470703,149538462
2016-07-01,118.03935241699219,197.5500030517578,200.61666870117188,177.8333282470703,179.1666717529297,199901076
2016-08-01,120.02113342285156,200.86666870117188,205.89999389648438,186.0,198.98333740234375,247813554
2016-09-01,122.0128402709961,204.1999969482422,209.53334045410156,187.6999969482422,200.10000610351562,171073965
2016-10-01,133.25611877441406,223.01666259765625,229.31666564941406,205.0,205.3333282470703,105596688
2016-11-01,128.2568817138672,214.64999389648438,226.61666870117188,207.0500030517578,223.68333435058594,242247567
2016-12-01,126.57388305664062,211.8333282470703,215.0,199.38333129882812,212.26666259765625,145942257
2017-01-01,135.76568603515625,227.21665954589844,242.26666259765625,212.1999969482422,213.3333282470703,114215439
2017-02-01,133.45529174804688,223.35000610351562,244.3333282470703,220.6666717529297,227.35000610351562,129053829
2017-03-01,133.0994415283203,216.61666870117188,225.63333129882812,205.0833282470703,225.0,177450012
2017-04-01,150.06265258789062,239.75,248.3000030517578,210.39999389648438,216.3333282470703,122425428
2017-05-01,154.94479370117188,247.5500030517578,256.4166564941406,228.85000610351562,239.75,128790057
2017-06-01,133.40296936035156,213.13333129882812,248.93333435058594,199.6666717529297,246.46665954589844,182973363
2017-07-01,147.65530395507812,235.5749969482422,240.25,213.36666870117188,213.36666870117188,154561180
2017-08-01,165.78514099121094,264.5,267.2250061035156,232.64999389648438,236.0500030517578,181034840
2017-09-01,147.7023162841797,235.64999389648438,273.04998779296875,224.6999969482422,266.0,220543182
2017-10-01,169.73385620117188,270.79998779296875,275.7749938964844,233.5,235.64999389648438,146973872
2017-11-01,157.90333557128906,251.9250030517578,273.29998779296875,243.72500610351562,271.0,135821088
2017-12-01,162.24378967285156,258.8500061035156,271.25,244.6750030517578,252.39999389648438,109399420
2018-01-01,154.28358459472656,246.14999389648438,261.5,232.625,259.0,158227428
2018-02-01,134.61814880371094,214.77499389648438,247.0,211.35000610351562,245.5500030517578,172555438
2018-03-01,138.28579711914062,213.72500610351562,234.1999969482422,201.25,216.0,158029896
2018-04-01,125.31292724609375,193.6750030517578,227.25,184.9250030517578,214.4250030517578,300835160
2018-05-01,130.68324279785156,201.97500610351562,206.5,179.77499389648438,193.6750030517578,258733066
2018-06-01,120.76753997802734,186.64999389648438,214.5749969482422,180.9250030517578,202.5,228810850
2018-07-01,126.08936309814453,194.875,203.75,181.875,187.5,188584722
2018-08-01,117.14421844482422,181.0500030517578,202.5,176.75,197.5,174150756
2018-09-01,123.42024230957031,187.0749969482422,191.72500610351562,162.125,182.75,182415936
2018-10-01,90.74678802490234,137.5500030517578,191.89999389648438,119.2750015258789,186.0,507948878
2018-11-01,107.00929260253906,162.1999969482422,171.4250030517578,137.5500030517578,139.10000610351562,264560584
2018-12-01,119.65974426269531,181.375,188.25,158.60000610351562,161.0,180269214
2019-01-01,113.95301818847656,172.72500610351562,184.64999389648438,165.77499389648438,180.52499389648438,161143286
2019-02-01,111.34705352783203,168.77499389648438,174.35000610351562,156.02499389648438,173.60000610351562,180621842
2019-03-01,135.5091552734375,198.77499389648438,204.9499969482422,168.5749969482422,169.125,199188890
2019-04-01,129.47592163085938,189.9250030517578,199.75,166.72500610351562,199.0,235786756
2019-05-01,139.53131103515625,204.6750030517578,210.85000610351562,174.0,189.9250030517578,321848700
2019-06-01,133.77078247070312,196.22500610351562,209.9499969482422,186.5500030517578,208.75,190009024
2019-07-01,117.76736450195312,172.75,196.4250030517578,164.10000610351562,195.5,197295560
2019-08-01,121.09075927734375,177.625,178.9250030517578,154.1750030517578,172.5,153245662
2019-09-01,172.49322509765625,235.0500030517578,241.02499389648438,171.14999389648438,177.625,620737930
2019-10-01,193.2246856689453,263.29998779296875,272.5,237.72500610351562,249.0,537144720
2019-11-01,187.70240783691406,255.77499389648438,274.5,244.0,260.0249938964844,355307644
2019-12-01,180.3638458251953,245.77499389648438,254.75,235.8249969482422,254.02499389648438,247502124
2020-01-01,167.66810607910156,228.47500610351562,246.9499969482422,224.27499389648438,246.0,270740152
2020-02-01,156.44009399414062,213.1750030517578,255.0,210.25,228.25,263635112
2020-03-01,116.27972412109375,158.4499969482422,227.1999969482422,126.0,216.0,510715616
2020-04-01,143.19720458984375,185.0,187.4250030517578,143.5749969482422,156.0,264390512
2020-05-01,132.67027282714844,171.39999389648438,185.0,145.89999389648438,185.0,364386732
2020-06-01,144.74526977539062,187.0,201.02499389648438,168.64999389648438,172.14999389648438,361001524
2020-07-01,160.14862060546875,206.89999389648438,240.5,180.14999389648438,188.5,649491226
2020-08-01,157.82652282714844,203.89999389648438,217.0500030517578,195.5,207.0,502660268
2020-09-01,136.63720703125,176.52499389648438,218.0,174.39999389648438,203.97500610351562,449775978
2020-10-01,137.17906188964844,177.22500610351562,181.52499389648438,162.5,179.0,356117846
2020-11-01,144.35824584960938,186.5,207.5,172.10000610351562,176.89999389648438,411331766
2020-12-01,147.4930877685547,190.5500030517578,204.625,178.5,187.4499969482422,355480676
2021-01-01,148.46066284179688,191.8000030517578,215.0,188.125,190.5500030517578,328490648
2021-02-01,174.1007080078125,224.9250030517578,233.89999389648438,190.3000030517578,194.0,449009442
2021-03-01,172.2178497314453,213.97500610351562,241.1999969482422,207.5500030517578,228.0,897960108
2021-04-01,171.7401123046875,210.89999389648438,219.97500610351562,200.0,215.3000030517578,281394832
2021-05-01,192.17955017089844,236.0,244.0,207.6999969482422,209.5,443747794
2021-06-01,190.59165954589844,234.0500030517578,246.9499969482422,232.5,236.6999969482422,198419940
2021-07-01,181.38983154296875,222.75,234.4499969482422,222.4499969482422,234.0500030517578,158685676
2021-08-01,192.0370635986328,235.8249969482422,237.9250030517578,220.27499389648438,224.02499389648438,219005070
2021-09-01,175.974609375,216.10000610351562,251.5,206.02499389648438,236.625,336451538
2021-10-01,183.1545867919922,208.85000610351562,235.0,206.8000030517578,215.9499969482422,214142684
2021-11-01,162.23892211914062,185.0,217.0,183.5,214.0,179986866
2021-12-01,170.99603271484375,192.72500610351562,200.75,178.6999969482422,186.375,232283292
2022-01-01,176.14212036132812,198.52499389648438,203.4499969482422,184.0,192.0,191702862
2022-02-01,155.18072509765625,174.89999389648438,197.5,165.5500030517578,197.5,217420228
2022-03-01,161.5681915283203,179.6750030517578,185.8000030517578,165.89999389648438,174.89999389648438,284784948
2022-04-01,163.0294189453125,181.3000030517578,199.39999389648438,180.5749969482422,180.77499389648438,182706426
2022-05-01,146.66354370117188,163.10000610351562,185.6999969482422,156.10000610351562,180.0500030517578,173475590
2022-06-01,138.66043090820312,154.1999969482422,167.27499389648438,146.6750030517578,164.0,198883644
2022-07-01,148.50692749023438,165.14999389648438,166.125,152.0749969482422,154.25,162433026
2022-08-01,147.7650909423828,164.3249969482422,177.625,160.10000610351562,165.5,133578374
2022-09-01,139.4527587890625,152.39999389648438,172.8000030517578,150.4250030517578,162.75,161465440
2022-10-01,138.92662048339844,151.8249969482422,157.39999389648438,144.02499389648438,153.1750030517578,119780840
2022-11-01,156.0836944580078,170.5749969482422,171.875,149.39999389648438,151.8249969482422,154904420
2022-12-01,151.21109008789062,165.25,175.72500610351562,160.0749969482422,171.0,155348770
2023-01-01,157.04449462890625,171.625,179.0,163.77499389648438,165.02499389648438,127404234
2023-02-01,145.19468688964844,158.6750030517578,172.35000610351562,157.02499389648438,171.625,101959902
2023-03-01,157.52488708496094,172.14999389648438,180.8000030517578,157.25,158.39999389648438,188003264
2023-04-01,163.6099395751953,178.8000030517578,179.14999389648438,163.5,169.0,106116264
2023-05-01,166.309326171875,181.75,187.4499969482422,178.1750030517578,178.8000030517578,128644816
2023-06-01,166.8583526611328,182.35000610351562,190.22500610351562,177.3000030517578,182.64999389648438,134949154
2023-07-01,172.7146453857422,188.75,198.9499969482422,181.5749969482422,182.60000610351562,155451822
2023-08-01,155.80918884277344,170.27499389648438,189.89999389648438,169.5500030517578,188.75,154604890
2023-09-01,160.34580993652344,173.3000030517578,184.375,170.27499389648438,170.52499389648438,179672258
2023-10-01,161.57174682617188,174.625,178.85000610351562,165.72500610351562,173.3000030517578,145737290
2023-11-01,201.56568908691406,217.85000610351562,219.375,175.27499389648438,175.27499389648438,282208000
2023-12-01,208.48191833496094,225.3249969482422,241.25,216.22500610351562,220.0,452853436
2024-01-01,243.37913513183594,251.1750030517578,258.92498779296875,222.5500030517578,229.6999969482422,386807286
2024-02-01,292.553955078125,301.92498779296875,343.9750061035156,249.5500030517578,252.27499389648438,637526864
2024-03-01,291.85150146484375,301.20001220703125,326.5,278.20001220703125,305.5,318736278
2024-04-01,294.2496643066406,303.67498779296875,312.2749938964844,282.1000061035156,301.5,293242726
2024-05-01,304.15728759765625,313.8999938964844,331.67498779296875,295.0249938964844,303.67498779296875,368293614
2024-06-01,294.5161437988281,303.95001220703125,343.5,267.1000061035156,332.5,414874889
2024-07-01,339.1852722167969,350.04998779296875,359.04998779296875,293.3999938964844,305.70001220703125,380577643
2024-08-01,346.5494079589844,357.6499938964844,365.5,320.6499938964844,351.0,288010333
2024-09-01,369.95001220703125,369.95001220703125,376.0,322.95001220703125,361.0,271324372
2024-10-01,310.75,310.75,373.3500061035156,302.25,370.0,227921102
2024-11-01,292.1000061035156,292.1000061035156,319.0,279.3500061035156,311.95001220703125,164614479
2024-12-01,292.45001220703125,292.45001220703125,308.95001220703125,282.04998779296875,292.6499938964844,177066206
2025-01-01,258.04998779296875,258.04998779296875,299.1499938964844,254.3000030517578,292.29998779296875,187719994
