1996-01-01,4.735048770904541,5.327499866485596,5.849999904632568,5.0,5.800000190734863,948000
1996-02-01,5.332760810852051,6.0,6.692500114440918,5.25,5.25,9346000
1996-03-01,5.183889865875244,5.832499980926514,6.045000076293945,5.494999885559082,6.0,854000
1996-04-01,5.226107120513916,5.880000114440918,6.375,5.650000095367432,5.947500228881836,2284000
1996-05-01,4.670610427856445,5.255000114440918,6.0,4.800000190734863,6.0,806000
1996-06-01,5.763827323913574,6.485000133514404,6.697500228881836,5.099999904632568,5.255000114440918,7632000
1996-07-01,6.157118797302246,6.927499771118164,8.625,6.25,6.355000019073486,11454000
1996-08-01,5.370535850524902,6.042500019073486,7.650000095367432,5.699999809265137,7.199999809265137,2286000
1996-09-01,4.5750651359558105,5.147500038146973,6.127500057220459,4.912499904632568,5.952499866485596,1234000
1996-10-01,4.659501075744629,5.242499828338623,5.800000190734863,4.650000095367432,5.099999904632568,1194000
1996-11-01,3.2774267196655273,3.6875,5.397500038146973,3.6050000190734863,5.25,826000
1996-12-01,3.948465585708618,4.442500114440918,4.505000114440918,3.427500009536743,3.700000047683716,1600000
1997-01-01,3.232987403869629,3.637500047683716,4.755000114440918,3.637500047683716,4.5,2422000
1997-02-01,3.2952027320861816,3.7074999809265137,3.737499952316284,3.4000000953674316,3.577500104904175,2638000
1997-03-01,2.679713010787964,3.015000104904175,4.014999866485596,2.869999885559082,3.875,6172000
1997-04-01,2.7330400943756104,3.075000047683716,3.3450000286102295,2.9700000286102295,3.015000104904175,2878000
1997-05-01,2.8419175148010254,3.197499990463257,3.6500000953674316,2.9375,3.075000047683716,4078000
1997-06-01,2.797478199005127,3.1475000381469727,3.4700000286102295,2.9549999237060547,3.2750000953674316,3314000
1997-07-01,3.5285110473632812,3.9700000286102295,4.125,3.1024999618530273,3.184999942779541,7596000
1997-08-01,3.38852596282959,3.8125,4.300000190734863,3.6500000953674316,4.0,6450000
1997-09-01,3.40185809135437,3.827500104904175,4.099999904632568,3.625,3.7049999237060547,3762000
1997-10-01,3.3751933574676514,3.797499895095825,3.924999952316284,3.5,3.8550000190734863,1186000
1997-11-01,3.0730044841766357,3.4574999809265137,3.799999952316284,3.4000000953674316,3.702500104904175,1708000
1997-12-01,2.897467613220215,3.259999990463257,3.512500047683716,3.0374999046325684,3.4749999046325684,1290000
1998-01-01,2.7108209133148193,3.049999952316284,3.559999942779541,3.049999952316284,3.299999952316284,754000
1998-02-01,1.955345869064331,2.200000047683716,3.0250000953674316,1.9674999713897705,3.0250000953674316,6388000
1998-03-01,2.481956720352173,2.7925000190734863,3.059999942779541,2.055000066757202,2.055000066757202,10000000
1998-04-01,2.5552818775177,2.875,3.8125,2.75,2.8375000953674316,6578000
1998-05-01,2.575279951095581,2.8975000381469727,3.25,2.700000047683716,2.875,2256000
1998-06-01,1.7975850105285645,2.0225000381469727,3.0,1.9149999618530273,3.0,4256000
1998-07-01,1.7375913858413696,1.9550000429153442,2.424999952316284,1.8524999618530273,1.902500033378601,5262000
1998-08-01,1.7420356273651123,1.9600000381469727,1.975000023841858,1.6150000095367432,1.9249999523162842,3350000
1998-09-01,2.484178066253662,2.7950000762939453,3.0950000286102295,1.875,1.9500000476837158,5746000
1998-10-01,2.306419849395752,2.5950000286102295,2.950000047683716,2.307499885559082,2.7950000762939453,4326000
1998-11-01,1.9975637197494507,2.247499942779541,2.7249999046325684,2.200000047683716,2.569999933242798,2724000
1998-12-01,4.237323760986328,4.767499923706055,5.275000095367432,2.200000047683716,2.200000047683716,32478000
1999-01-01,3.5551743507385254,4.0,5.244999885559082,3.9049999713897705,4.767499923706055,27110000
1999-02-01,3.444075584411621,3.875,4.724999904632568,3.450000047683716,3.825000047683716,17822000
1999-03-01,3.510735511779785,3.950000047683716,4.650000095367432,3.737499952316284,4.150000095367432,13166000
1999-04-01,2.861915349960327,3.2200000286102295,4.144999980926514,2.9549999237060547,4.0,7050000
1999-05-01,3.4218556880950928,3.8499999046325684,4.190000057220459,3.2074999809265137,3.25,22518000
1999-06-01,3.8995821475982666,4.387499809265137,4.449999809265137,3.799999952316284,3.997499942779541,7152000
1999-07-01,4.641724586486816,5.222499847412109,5.742499828338623,4.099999904632568,4.300000190734863,26970000
1999-08-01,4.012903690338135,4.514999866485596,5.077499866485596,4.099999904632568,5.077499866485596,24252000
1999-09-01,4.463965892791748,5.022500038146973,5.587500095367432,4.255000114440918,4.502500057220459,23484000
1999-10-01,4.188440322875977,4.712500095367432,6.550000190734863,4.454999923706055,4.974999904632568,17526000
1999-11-01,6.130453109741211,6.897500038146973,7.175000190734863,4.505000114440918,4.625,19352000
1999-12-01,6.441531658172607,7.247499942779541,8.895000457763672,6.199999809265137,7.005000114440918,27426000
2000-01-01,6.046019077301025,6.802499771118164,7.849999904632568,6.599999904632568,7.300000190734863,9775260
2000-02-01,4.492852210998535,5.054999828338623,7.192500114440918,5.0,6.550000190734863,3158980
2000-03-01,3.9951274394989014,4.494999885559082,5.25,3.450000047683716,5.130000114440918,3944600
2000-04-01,3.1085565090179443,3.497499942779541,4.587500095367432,3.450000047683716,4.550000190734863,3421380
2000-05-01,3.2863147258758545,3.697499990463257,3.805000066757202,2.887500047683716,3.497499942779541,4046860
2000-06-01,2.9507954120635986,3.319999933242798,3.694999933242798,3.2100000381469727,3.5999999046325684,2609200
2000-07-01,2.6197192668914795,2.947499990463257,3.75,2.940000057220459,3.484999895095825,3072100
2000-08-01,2.670825481414795,3.005000114440918,3.0924999713897705,2.424999952316284,2.950000047683716,7700420
2000-09-01,2.266423463821411,2.549999952316284,3.0450000762939453,2.5174999237060547,3.005000114440918,3356460
2000-10-01,2.3041982650756836,2.5924999713897705,2.700000047683716,2.3375000953674316,2.549999952316284,1465060
2000-11-01,2.777480125427246,3.125,3.3499999046325684,2.5250000953674316,2.6050000190734863,9671920
2000-12-01,2.6997103691101074,3.0374999046325684,3.742500066757202,2.700000047683716,3.0875000953674316,28097880
2001-01-01,3.1063334941864014,3.494999885559082,3.994999885559082,3.005000114440918,3.0450000762939453,37592820
2001-02-01,3.0263421535491943,3.4049999713897705,4.3125,3.299999952316284,3.424999952316284,36470580
2001-03-01,1.8353590965270996,2.065000057220459,3.5850000381469727,2.0250000953674316,3.490000009536743,20558740
2001-04-01,1.8353590965270996,2.065000057220459,2.3450000286102295,1.902500033378601,2.012500047683716,9675920
2001-05-01,2.5775022506713867,2.9000000953674316,3.1475000381469727,1.9874999523162842,2.065000057220459,36676380
2001-06-01,1.902018666267395,2.140000104904175,3.069999933242798,2.115000009536743,2.944999933242798,39705740
2001-07-01,1.6864862442016602,1.8975000381469727,2.262500047683716,1.8274999856948853,2.200000047683716,9583700
2001-08-01,1.4931732416152954,1.6799999475479126,1.899999976158142,1.600000023841858,1.899999976158142,6545620
2001-09-01,1.308748483657837,1.472499966621399,1.8250000476837158,1.350000023841858,1.7000000476837158,6256800
2001-10-01,1.4287358522415161,1.6074999570846558,1.7699999809265137,1.377500057220459,1.462499976158142,18478640
2001-11-01,1.7131497859954834,1.9275000095367432,2.2249999046325684,1.5774999856948853,1.5774999856948853,37860200
2001-12-01,1.6487122774124146,1.8550000190734863,2.3450000286102295,1.662500023841858,1.940000057220459,18344840
2002-01-01,1.5242809057235718,1.715000033378601,1.9500000476837158,1.7000000476837158,1.9500000476837158,8217960
2002-02-01,2.1086628437042236,2.372499942779541,2.880000114440918,1.809999942779541,1.899999976158142,102563820
2002-03-01,2.290865898132324,2.577500104904175,2.869999885559082,2.055000066757202,2.055000066757202,54964320
2002-04-01,3.0263421535491943,3.4049999713897705,3.634999990463257,2.567500114440918,2.6500000953674316,96323220
2002-05-01,2.6330513954162598,2.9625000953674316,3.4749999046325684,2.502500057220459,3.4049999713897705,53207020
2002-06-01,3.4707396030426025,3.9049999713897705,4.387499809265137,2.8924999237060547,3.002500057220459,202305480
2002-07-01,2.9970126152038574,3.371999979019165,4.372000217437744,2.630000114440918,3.8440001010894775,173073180
2002-08-01,2.880580425262451,3.240999937057495,3.547499895095825,2.944000005722046,3.303999900817871,57385180
2002-09-01,2.4672911167144775,2.7760000228881836,3.381999969482422,2.690999984741211,3.309000015258789,17015320
2002-10-01,2.419741153717041,2.7225000858306885,2.994999885559082,2.4865000247955322,2.805500030517578,14978800
2002-11-01,3.3431971073150635,3.7614998817443848,3.7955000400543213,2.7860000133514404,2.7860000133514404,28901100
2002-12-01,3.380082130432129,3.802999973297119,4.189499855041504,3.4549999237060547,3.8929998874664307,53475100
2003-01-01,2.757038116455078,3.1019999980926514,3.8929998874664307,2.871000051498413,3.807499885559082,29668120
2003-02-01,2.56683611869812,2.888000011444092,3.250499963760376,2.8269999027252197,3.1019999980926514,10092480
2003-03-01,2.1926541328430176,2.4670000076293945,3.061000108718872,2.452500104904175,2.938999891281128,9890940
2003-04-01,2.4544036388397217,2.7614998817443848,3.061000108718872,2.4719998836517334,2.61299991607666,15708440
2003-05-01,2.8654708862304688,3.2239999771118164,3.369999885559082,2.5304999351501465,2.7614998817443848,69839940
2003-06-01,2.9130210876464844,3.2774999141693115,3.5255000591278076,3.1019999980926514,3.260499954223633,73639560
2003-07-01,2.880580425262451,3.240999937057495,3.7225000858306885,3.065500020980835,3.2360000610351562,85552080
2003-08-01,3.35386323928833,3.7734999656677246,4.067999839782715,3.1410000324249268,3.247999906539917,172773000
2003-09-01,3.3605289459228516,3.7809998989105225,4.204500198364258,3.3454999923706055,3.7955000400543213,120515300
2003-10-01,5.13367223739624,5.776000022888184,5.861000061035156,3.819999933242798,3.819999933242798,420425440
2003-11-01,4.885255336761475,5.496500015258789,6.014500141143799,5.109499931335449,5.863500118255615,106087600
2003-12-01,5.609621524810791,6.311500072479248,7.002500057220459,5.547500133514404,5.547500133514404,142766480
2004-01-01,4.893697738647461,5.50600004196167,6.700500011444092,5.2820000648498535,6.352499961853027,57120420
2004-02-01,5.215886116027832,5.868500232696533,6.214000225067139,4.573999881744385,5.50600004196167,136089000
2004-03-01,4.586620807647705,5.1605000495910645,6.0970001220703125,4.696000099182129,5.912499904632568,34331000
2004-04-01,4.738159656524658,5.330999851226807,5.992499828338623,5.170000076293945,5.250500202178955,17223880
2004-05-01,3.881805658340454,4.367499828338623,5.732500076293945,3.941499948501587,5.303999900817871,17224020
2004-06-01,4.623504638671875,5.202000141143799,5.328499794006348,4.209000110626221,4.438000202178955,21921820
2004-07-01,4.787931442260742,5.38700008392334,5.912499904632568,4.503499984741211,5.218999862670898,27743660
2004-08-01,6.3597636222839355,7.1554999351501465,7.515500068664551,5.323500156402588,5.401500225067139,163702460
2004-09-01,6.1113457679748535,6.875999927520752,7.22599983215332,6.573999881744385,7.129000186920166,55809160
2004-10-01,7.369876861572266,8.291999816894531,8.637499809265137,6.793000221252441,6.946499824523926,119543680
2004-11-01,7.555634498596191,8.50100040435791,9.163000106811523,7.9679999351501465,8.367500305175781,93337080
2004-12-01,8.092022895812988,9.104499816894531,9.28950023651123,8.029000282287598,8.588500022888184,64360320
2005-01-01,7.72228479385376,8.68850040435791,9.673999786376953,7.591000080108643,9.148500442504883,50224840
2005-02-01,8.974149703979492,10.097000122070312,11.654500007629395,8.394000053405762,8.904999732971191,238567580
2005-03-01,10.021147727966309,11.274999618530273,13.416000366210938,9.829500198364258,10.072999954223633,312832520
2005-04-01,10.546427726745605,11.866000175476074,13.569000244140625,10.579000473022461,11.366999626159668,282660180
2005-05-01,13.024826049804688,14.654500007629395,15.079999923706055,11.293999671936035,12.017000198364258,422711020
2005-06-01,16.387136459350586,18.4375,18.778499603271484,14.647000312805176,14.692999839782715,425678100
2005-07-01,21.099515914916992,23.739500045776367,27.833999633789062,18.36949920654297,18.61050033569336,1004767660
2005-08-01,21.432369232177734,24.11400032043457,26.680999755859375,21.6564998626709,23.795000076293945,539250560
2005-09-01,21.250783920288086,23.8125,26.515499114990234,20.707500457763672,20.707500457763672,309944240
2005-10-01,22.167743682861328,24.84000015258789,25.590999603271484,19.035999298095703,23.892499923706055,384902720
2005-11-01,28.70250129699707,32.162498474121094,33.74150085449219,23.970500946044922,24.33049964904785,1322552320
2005-12-01,35.720054626464844,40.0260009765625,41.984500885009766,32.143001556396484,32.359500885009766,1483339700
2006-01-01,31.35567855834961,35.135501861572266,41.61000061035156,33.52750015258789,40.14550018310547,640021500
2006-02-01,35.1524772644043,39.38999938964844,40.95800018310547,32.359500885009766,35.37649917602539,731184240
2006-03-01,37.32105255126953,41.81999969482422,44.747501373291016,37.557498931884766,39.5,483648400
2006-04-01,35.49159240722656,39.77000045776367,43.5625,34.71500015258789,42.400001525878906,236129180
2006-05-01,31.09642791748047,34.845001220703125,41.369998931884766,22.5,37.345001220703125,283489520
2006-06-01,26.5428466796875,29.74250030517578,35.599998474121094,24.299999237060547,34.75,366016620
2006-07-01,26.85295867919922,30.09000015258789,32.73749923706055,26.649999618530273,29.875,238408520
2006-08-01,34.96061325073242,39.17499923706055,40.41999816894531,29.600000381469727,30.049999237060547,369506840
2006-09-01,36.168758392333984,40.337501525878906,42.5,37.6150016784668,39.44499969482422,190116320
2006-10-01,34.35975646972656,38.31999969482422,42.4900016784668,37.88999938964844,40.337501525878906,110019660
2006-11-01,34.05937576293945,37.98500061035156,40.400001525878906,35.849998474121094,39.0,108370980
2006-12-01,38.55384826660156,42.997501373291016,43.48500061035156,32.86249923706055,38.5,151793360
2007-01-01,42.983306884765625,47.9375,48.470001220703125,41.66749954223633,42.997501373291016,204769740
2007-02-01,37.094539642333984,41.369998931884766,52.689998626708984,39.849998474121094,48.04999923706055,145213180
2007-03-01,37.78496551513672,42.13999938964844,45.79999923706055,37.83250045776367,41.400001525878906,143078440
2007-04-01,44.49417495727539,49.622501373291016,52.14500045776367,40.404998779296875,42.029998779296875,143347320
2007-05-01,50.43450164794922,56.247501373291016,56.9900016784668,48.13999938964844,49.622501373291016,89547180
2007-06-01,60.147499084472656,67.08000183105469,68.19999694824219,49.525001525878906,56.95000076293945,137105520
2007-07-01,51.680843353271484,57.63750076293945,68.75250244140625,54.150001525878906,67.25,131523980
2007-08-01,55.887176513671875,62.08250045776367,63.244998931884766,51.400001525878906,57.05500030517578,107078260
2007-09-01,66.11577606201172,73.44499969482422,77.0,62.02000045776367,62.584999084472656,82954620
2007-10-01,77.58443450927734,86.18499755859375,89.49500274658203,70.00499725341797,74.75,57078600
2007-11-01,69.05722045898438,76.7125015258789,88.43499755859375,67.8499984741211,87.9000015258789,35734560
2007-12-01,70.32427215576172,78.12000274658203,81.5,67.80000305175781,76.75,43034500
2008-01-01,51.18133544921875,56.85499954223633,86.72000122070312,34.599998474121094,78.74500274658203,41723260
2008-02-01,49.49794387817383,54.98500061035156,65.25,48.352500915527344,58.25,32525400
2008-03-01,47.57600402832031,52.849998474121094,56.900001525878906,44.54999923706055,53.349998474121094,43650360
2008-04-01,55.91867446899414,62.11750030517578,67.25,48.3025016784668,54.04999923706055,44401280
2008-05-01,53.08076858520508,58.96500015258789,66.14250183105469,52.5,62.11750030517578,88669700
2008-06-01,44.666080474853516,49.61750030517578,60.744998931884766,49.0525016784668,59.75,44561220
2008-07-01,50.7087287902832,56.33000183105469,59.939998626708984,47.20000076293945,50.0,23744160
2008-08-01,57.619510650634766,63.52750015258789,65.80000305175781,55.5625,56.95000076293945,32913080
2008-09-01,50.408836364746094,55.57749938964844,64.91999816894531,51.63249969482422,63.400001525878906,29994780
2008-10-01,45.7219123840332,50.40999984741211,57.439998626708984,35.252498626708984,56.0,58929360
2008-11-01,42.40909957885742,46.75749969482422,53.25,40.0,51.5,33292220
2008-12-01,42.00547790527344,46.3125,51.0,40.275001525878906,47.0,63627440
2009-01-01,41.649478912353516,45.91999816894531,48.95000076293945,41.83000183105469,46.400001525878906,39289780
2009-02-01,34.17124938964844,37.67499923706055,45.45000076293945,37.150001525878906,44.49250030517578,63666800
2009-03-01,35.45240020751953,39.087501525878906,42.0,33.33000183105469,36.25,61609840
2009-04-01,33.86741638183594,37.34000015258789,46.900001525878906,36.0,39.0,75185720
2009-05-01,48.65606689453125,53.64500045776367,56.435001373291016,37.34000015258789,37.34000015258789,60049880
2009-06-01,53.22734451293945,58.685001373291016,63.98500061035156,53.602500915527344,54.25,26951300
2009-07-01,55.510719299316406,61.20249938964844,68.5999984741211,53.55500030517578,59.5,21519140
2009-08-01,56.232330322265625,61.474998474121094,64.4000015258789,56.005001068115234,61.307498931884766,23962260
2009-09-01,57.22023010253906,62.55500030517578,67.5,60.252498626708984,61.400001525878906,14361120
2009-10-01,57.444332122802734,62.79999923706055,74.41999816894531,60.5,62.599998474121094,35531980
2009-11-01,61.21526336669922,66.92250061035156,71.8949966430664,62.08250045776367,62.79999923706055,15009980
2009-12-01,65.09825897216797,71.1675033569336,79.0,63.11249923706055,67.25,16692340
2010-01-01,68.64506530761719,75.04499816894531,79.0,70.36000061035156,71.1675033569336,19377040
2010-02-01,79.86637878417969,87.3125,92.67749786376953,76.23750305175781,76.25,54674480
2010-03-01,84.18154907226562,92.02999877929688,95.0999984741211,87.3125,87.3125,31139140
2010-04-01,97.38323974609375,106.4625015258789,107.9000015258789,91.9000015258789,92.0,33824680
2010-05-01,101.62525177001953,111.0999984741211,116.9000015258789,104.80000305175781,107.25,36255520
2010-06-01,108.4056167602539,118.51249694824219,119.25,108.25,110.80000305175781,20547400
2010-07-01,128.32586669921875,140.2899932861328,144.39999389648438,115.07749938964844,118.0,48944520
2010-08-01,134.891845703125,146.5800018310547,153.94500732421875,137.10000610351562,140.0574951171875,67374140
2010-09-01,150.64437866210938,163.69749450683594,170.99749755859375,146.6024932861328,147.8000030517578,75031040
2010-10-01,163.4452362060547,177.6074981689453,181.99000549316406,158.14999389648438,164.5500030517578,66218860
2010-11-01,169.92613220214844,184.64999389648438,212.10000610351562,169.6425018310547,178.85000610351562,151650340
2010-12-01,165.41458129882812,179.74749755859375,193.3074951171875,160.5,185.0,114438260
2011-01-01,165.6975860595703,180.05499267578125,187.39999389648438,163.30999755859375,180.85000610351562,136229800
2011-02-01,153.12448120117188,166.3925018310547,183.1199951171875,147.14999389648438,180.5500030517578,172120920
2011-03-01,175.37640380859375,190.57249450683594,197.5449981689453,140.0,167.5,113525360
2011-04-01,185.4141387939453,201.47999572753906,209.9499969482422,187.50999450683594,190.0500030517578,114926700
2011-05-01,202.8231964111328,220.3975067138672,223.75250244140625,185.90750122070312,222.4499969482422,157167360
2011-06-01,197.21189880371094,214.3000030517578,237.74749755859375,205.0,219.0,199307287
2011-07-01,210.04953002929688,228.25,236.60000610351562,211.1999969482422,215.3000030517578,76299386
2011-08-01,190.3582763671875,205.6999969482422,230.89999389648438,192.0,228.5,59586409
2011-09-01,193.3658905029297,208.9499969482422,237.4499969482422,200.39999389648438,205.6999969482422,83016578
2011-10-01,201.09307861328125,217.3000030517578,227.8000030517578,193.5500030517578,206.0,67286584
2011-11-01,164.40029907226562,177.64999389648438,224.3000030517578,174.5500030517578,214.10000610351562,75578397
2011-12-01,158.24632263183594,171.0,192.8000030517578,154.1999969482422,183.0,109854402
2012-01-01,187.85964965820312,203.0,209.5,170.10000610351562,171.60000610351562,72703180
2012-02-01,211.365234375,228.39999389648438,255.0,192.10000610351562,208.0,83929994
2012-03-01,211.5040283203125,228.5500030517578,252.5,215.3000030517578,227.25,59054207
2012-04-01,215.62213134765625,233.0,265.0,228.0500030517578,235.3000030517578,46049128
2012-05-01,206.09034729003906,222.6999969482422,253.6999969482422,217.14999389648438,233.0,57926074
2012-06-01,206.73812866210938,223.39999389648438,226.39999389648438,204.14999389648438,221.0,57490446
2012-07-01,205.3962860107422,221.9499969482422,239.25,214.9499969482422,225.0,42029189
2012-08-01,205.52163696289062,220.35000610351562,231.0,214.75,219.5,34107226
2012-09-01,243.57601928710938,261.1499938964844,262.70001220703125,219.5500030517578,220.14999389648438,27164971
2012-10-01,241.85047912597656,259.29998779296875,282.5,256.1000061035156,263.0,27780086
2012-11-01,290.72418212890625,311.70001220703125,313.3500061035156,259.79998779296875,259.79998779296875,37876969
2012-12-01,265.2146911621094,284.3500061035156,313.1499938964844,278.0,296.5,27865610
2013-01-01,260.55126953125,279.3500061035156,290.6499938964844,262.5,285.0,40914614
2013-02-01,243.34280395507812,260.8999938964844,290.0,248.35000610351562,281.0,41398794
2013-03-01,239.14561462402344,256.3999938964844,277.0,225.0,264.8500061035156,64519925
2013-04-01,252.48330688476562,270.70001220703125,279.79998779296875,232.8000030517578,252.5,51430404
2013-05-01,273.7956848144531,293.54998779296875,302.0,264.20001220703125,270.70001220703125,33490573
2013-06-01,208.4596405029297,223.5,295.70001220703125,201.0,293.0,117483659
2013-07-01,245.674560546875,263.3999938964844,276.6499938964844,218.60000610351562,225.0,69151343
2013-08-01,211.2895050048828,224.64999389648438,288.8999938964844,205.39999389648438,266.0,65137112
2013-09-01,218.2964630126953,232.10000610351562,249.0,211.0,228.14999389648438,43584722
2013-10-01,251.3089599609375,267.20001220703125,272.0,230.14999389648438,235.0,37071230
2013-11-01,215.4278106689453,229.0500030517578,265.0,221.3000030517578,258.5,35787580
2013-12-01,215.85105895996094,229.5,237.5,218.1999969482422,229.39999389648438,24531506
2014-01-01,208.37387084960938,221.5500030517578,235.9499969482422,202.4499969482422,230.0,27300483
2014-02-01,228.07791137695312,242.5,247.3000030517578,217.10000610351562,220.14999389648438,22098992
2014-03-01,247.0766143798828,262.70001220703125,268.3500061035156,239.5,242.5,26630448
2014-04-01,239.6934356689453,254.85000610351562,274.29998779296875,251.5,266.45001220703125,16224714
2014-05-01,291.5634765625,310.0,353.1000061035156,254.85000610351562,254.85000610351562,41860699
2014-06-01,332.05328369140625,353.04998779296875,360.79998779296875,302.75,307.1000061035156,35722380
2014-07-01,320.76690673828125,341.04998779296875,362.70001220703125,318.1000061035156,352.8999938964844,19435310
2014-08-01,344.0313720703125,363.3999938964844,370.3999938964844,321.0,340.0,16754712
2014-09-01,386.2069091796875,407.95001220703125,409.95001220703125,363.25,365.1000061035156,22268604
2014-10-01,372.5271301269531,393.5,425.0,365.20001220703125,410.0,19599845
2014-11-01,351.08428955078125,370.8500061035156,395.75,353.5,394.8999938964844,19918053
2014-12-01,361.3086242675781,381.6499938964844,400.5,345.0,400.5,17856128
2015-01-01,407.6497497558594,430.6000061035156,444.0,368.75,381.29998779296875,24464619
2015-02-01,412.1466064453125,435.3500061035156,448.3999938964844,409.1000061035156,430.0,20568019
2015-03-01,370.7283020019531,391.6000061035156,424.70001220703125,385.0,420.70001220703125,13200146
2015-04-01,362.3973388671875,382.79998779296875,422.6000061035156,379.95001220703125,391.3999938964844,16375750
2015-05-01,358.13720703125,378.29998779296875,394.25,334.3500061035156,382.79998779296875,19792628
2015-06-01,346.77679443359375,366.29998779296875,379.6000061035156,337.5,375.1000061035156,13259198
2015-07-01,306.39996337890625,323.6499938964844,366.95001220703125,320.3500061035156,365.0,18605482
2015-08-01,321.90728759765625,337.79998779296875,353.1000061035156,314.5,323.0,22346735
2015-09-01,302.8959045410156,317.8500061035156,339.29998779296875,311.20001220703125,335.75,12614187
2015-10-01,333.4856872558594,349.95001220703125,357.95001220703125,302.75,314.0,13526587
2015-11-01,363.55133056640625,381.5,392.3999938964844,329.3500061035156,335.0,17291193
2015-12-01,330.8174133300781,347.1499938964844,383.95001220703125,339.79998779296875,382.1499938964844,24906130
2016-01-01,346.5887756347656,363.70001220703125,366.70001220703125,326.95001220703125,347.1499938964844,24028653
2016-02-01,301.8952941894531,316.79998779296875,376.0,301.70001220703125,364.5,26554981
2016-03-01,323.1460876464844,339.1000061035156,361.0,310.0,312.5,28410643
2016-04-01,341.3508605957031,355.8999938964844,384.6000061035156,333.79998779296875,339.0,22028996
2016-05-01,345.7629089355469,360.5,384.8500061035156,353.20001220703125,357.70001220703125,62677943
2016-06-01,389.64263916015625,406.25,410.1499938964844,351.70001220703125,359.0,24681258
2016-07-01,404.17327880859375,421.3999938964844,435.0,391.5,413.79998779296875,15984734
2016-08-01,401.391845703125,418.5,429.0,392.0,423.1000061035156,24085222
2016-09-01,378.9483947753906,395.1000061035156,444.5,383.20001220703125,419.0,20844563
2016-10-01,358.2793884277344,373.54998779296875,408.8999938964844,361.1000061035156,398.0,28198624
2016-11-01,310.275390625,323.5,384.29998779296875,296.1499938964844,379.5,56028081
2016-12-01,313.4405822753906,326.79998779296875,335.5,307.1000061035156,323.0,27208630
2017-01-01,347.2494812011719,362.04998779296875,378.45001220703125,325.5,328.95001220703125,22912972
2017-02-01,419.327392578125,437.20001220703125,458.5,359.0,363.75,40796493
2017-03-01,443.8329162597656,462.75,470.6000061035156,428.0,438.1000061035156,22557729
2017-04-01,451.0262756347656,470.25,495.54998779296875,455.79998779296875,459.5,24211295
2017-05-01,455.4861755371094,474.8999938964844,506.1499938964844,460.1000061035156,470.25,33195773
2017-06-01,503.0105895996094,524.4500122070312,569.2000122070312,465.29998779296875,475.95001220703125,68634406
2017-07-01,522.001220703125,544.25,546.9500122070312,523.2000122070312,536.0499877929688,23026774
2017-08-01,594.7196044921875,617.0999755859375,638.2999877929688,538.0999755859375,546.5,51793689
2017-09-01,563.3501586914062,584.5499877929688,654.2000122070312,563.6500244140625,618.9000244140625,30295413
2017-10-01,612.2114868164062,635.25,639.5,582.0999755859375,584.5499877929688,24110459
2017-11-01,789.2010498046875,818.9000244140625,838.9000244140625,634.5,640.0,76087328
2017-12-01,827.027587890625,858.1500244140625,872.0,770.0,821.0,35759926
2018-01-01,838.0142211914062,869.5499877929688,938.5,840.5999755859375,857.7000122070312,42978877
2018-02-01,786.5508422851562,816.1500244140625,879.0999755859375,752.7000122070312,877.5,54522250
2018-03-01,908.125732421875,942.2999877929688,964.0,799.0499877929688,814.0,52105184
2018-04-01,946.1932373046875,981.7999877929688,999.7000122070312,902.0,943.0999755859375,56361140
2018-05-01,867.4561767578125,900.0999755859375,995.5999755859375,890.1500244140625,981.7999877929688,52312595
2018-06-01,846.6395874023438,878.5,926.7999877929688,826.0499877929688,907.5,52328686
2018-07-01,879.2618408203125,912.3499755859375,914.0,799.6500244140625,883.0999755859375,66250707
2018-08-01,863.3162841796875,891.9000244140625,945.0,871.5499877929688,915.0,55626954
2018-09-01,779.781982421875,805.5999755859375,928.4000244140625,773.3499755859375,896.8499755859375,69166779
2018-10-01,817.5321044921875,844.5999755859375,847.9000244140625,732.2999877929688,800.0,75644140
2018-11-01,897.3880615234375,927.0999755859375,933.9000244140625,834.4000244140625,844.5999755859375,59862219
2018-12-01,901.1631469726562,931.0,961.25,868.2000122070312,932.5499877929688,58491929
2019-01-01,963.8863525390625,995.7999877929688,1000.0,920.2000122070312,931.75,45082287
2019-02-01,992.34423828125,1025.199951171875,1076.8499755859375,985.0999755859375,1003.0,53688856
2019-03-01,1105.255859375,1141.8499755859375,1152.0,1016.2000122070312,1031.9000244140625,42034417
2019-04-01,1121.4205322265625,1158.550048828125,1165.0,1083.5,1140.0,33903652
2019-05-01,1196.1463623046875,1235.75,1262.800048828125,1067.8499755859375,1158.550048828125,53743581
2019-06-01,1291.92529296875,1334.699951171875,1337.050048828125,1227.5,1239.0,31882139
2019-07-01,1022.4959716796875,1056.3499755859375,1340.9000244140625,1041.0,1330.0999755859375,81957467
2019-08-01,1079.5426025390625,1105.0999755859375,1131.5,998.0,1052.0999755859375,49979264
2019-09-01,1243.6083984375,1273.050048828125,1345.0,1025.5,1105.0999755859375,51483228
2019-10-01,1300.4136962890625,1331.199951171875,1389.949951171875,1177.050048828125,1282.0,41587284
2019-11-01,1132.8797607421875,1159.699951171875,1333.3499755859375,1123.199951171875,1331.800048828125,60500642
2019-12-01,1160.4764404296875,1187.949951171875,1229.0,1142.5,1160.0,39459940
2020-01-01,1160.2811279296875,1187.75,1240.3499755859375,1132.0,1194.449951171875,46430134
2020-02-01,1225.4874267578125,1254.5,1341.050048828125,1162.550048828125,1186.8499755859375,51245823
2020-03-01,912.1065063476562,933.7000122070312,1294.0,720.9000244140625,1275.0,72684172
2020-04-01,947.61572265625,970.0499877929688,1044.0,855.9500122070312,929.7000122070312,82000534
2020-05-01,869.4171752929688,890.0,970.0499877929688,810.0,970.0499877929688,71925415
2020-06-01,927.8828735351562,949.8499755859375,1050.0,898.5,898.5,101609051
2020-07-01,1019.1229248046875,1043.25,1083.0,941.7999877929688,950.0,80095336
2020-08-01,1075.0489501953125,1100.5,1159.0,1043.0,1047.0,84490080
2020-09-01,1182.4739990234375,1201.3499755859375,1220.0,1076.0,1105.0,62272813
2020-10-01,1147.4332275390625,1165.75,1281.9000244140625,1155.550048828125,1203.5999755859375,64199363
2020-11-01,1339.8123779296875,1361.199951171875,1375.0,1154.0,1167.5,66137977
2020-12-01,1542.5262451171875,1567.1500244140625,1571.0,1335.0,1383.0,51221859
2021-01-01,1397.9837646484375,1420.300048828125,1621.3499755859375,1415.25,1562.0999755859375,42647675
2021-02-01,1384.7943115234375,1406.9000244140625,1588.0,1396.0,1437.800048828125,49746255
2021-03-01,1533.5694580078125,1558.050048828125,1567.4000244140625,1416.5999755859375,1421.5,37790472
2021-04-01,1468.2127685546875,1491.6500244140625,1618.0,1451.5999755859375,1560.0,34931829
2021-05-01,1571.1690673828125,1596.25,1614.0,1400.050048828125,1477.0,41605220
2021-06-01,1705.2783203125,1732.5,1792.949951171875,1564.199951171875,1608.0,37608379
2021-07-01,1687.6103515625,1714.550048828125,1783.4000244140625,1662.5,1729.0,22564822
2021-08-01,1895.9443359375,1921.5999755859375,1925.0,1725.0,1728.0,31781231
2021-09-01,2132.98681640625,2161.85009765625,2185.0,1915.0,1925.199951171875,20769186
2021-10-01,2351.726806640625,2383.550048828125,2677.89990234375,2122.64990234375,2157.0,49304706
2021-11-01,2343.7841796875,2375.5,2572.699951171875,2231.39990234375,2441.449951171875,25973694
2021-12-01,2488.72314453125,2522.39990234375,2535.0,2205.0,2409.800048828125,25044854
2022-01-01,2328.78759765625,2360.300048828125,2687.25,2260.0,2510.0,30097266
2022-02-01,2512.550537109375,2546.550048828125,2563.64990234375,2351.25,2378.800048828125,28291255
2022-03-01,2502.289306640625,2536.14990234375,2768.0,2325.60009765625,2546.550048828125,34622874
2022-04-01,2425.380126953125,2458.199951171875,2577.800048828125,2410.0,2538.0,22164476
2022-05-01,2186.4140625,2216.0,2437.0,2035.550048828125,2435.0,35085402
2022-06-01,1915.3321533203125,1941.25,2304.89990234375,1905.449951171875,2255.0,41122485
2022-07-01,2320.6474609375,2352.050048828125,2392.5,1825.050048828125,1895.0,35566574
2022-08-01,2578.96630859375,2604.64990234375,2623.10009765625,2339.0,2364.800048828125,23148575
2022-09-01,2581.24365234375,2606.949951171875,2755.699951171875,2517.35009765625,2592.949951171875,23015328
2022-10-01,2734.27001953125,2761.5,2791.0,2555.60009765625,2625.0,24740332
2022-11-01,2626.83984375,2653.0,2784.0,2539.64990234375,2770.14990234375,21796582
2022-12-01,2571.886962890625,2597.5,2665.0,2455.0,2662.0,20260132
2023-01-01,2353.709716796875,2377.14990234375,2626.25,2287.050048828125,2607.0,22172111
2023-02-01,2349.40283203125,2372.800048828125,2545.85009765625,2269.60009765625,2408.550048828125,22285370
2023-03-01,2490.101318359375,2514.89990234375,2536.75,2321.0,2370.0,19769817
2023-04-01,2615.799560546875,2641.85009765625,2679.300048828125,2513.300048828125,2525.89990234375,14973752
2023-05-01,2795.410888671875,2823.25,2841.89990234375,2633.39990234375,2641.85009765625,19889975
2023-06-01,3017.59814453125,3047.64990234375,3067.949951171875,2814.699951171875,2823.25,17926873
2023-07-01,2984.582763671875,3004.050048828125,3210.0,2950.0,3050.10009765625,21335983
2023-08-01,3094.324951171875,3104.449951171875,3118.949951171875,2882.449951171875,3024.85009765625,20127735
2023-09-01,3138.530517578125,3148.800048828125,3352.0,3086.300048828125,3111.949951171875,19311415
2023-10-01,3179.2470703125,3189.64990234375,3329.0,3075.0,3148.800048828125,15644455
2023-11-01,3479.215576171875,3490.60009765625,3500.0,3168.35009765625,3193.85009765625,16947598
2023-12-01,3663.462646484375,3675.449951171875,3737.0,3470.0,3499.0,16004029
2024-01-01,3685.49072265625,3697.550048828125,3886.949951171875,3642.5,3689.0,18010779
2024-02-01,3612.5791015625,3624.39990234375,3738.0,3503.0,3738.0,20625268
2024-03-01,3789.400634765625,3801.800048828125,3838.300048828125,3547.050048828125,3630.0,17330604
2024-04-01,3577.5439453125,3589.25,3832.550048828125,3478.25,3822.949951171875,19920768
2024-05-01,3231.32666015625,3241.89990234375,3599.0,3216.75,3589.25,33644037
2024-06-01,3393.097412109375,3404.199951171875,3625.0,3055.64990234375,3310.0,32946110
2024-07-01,3458.949951171875,3458.949951171875,3552.5,3126.10009765625,3382.0,40871099
2024-08-01,3565.14990234375,3565.14990234375,3658.800048828125,3283.89990234375,3475.0,25336924
2024-09-01,3823.949951171875,3823.949951171875,3867.0,3552.0,3565.14990234375,24360688
2024-10-01,3267.050048828125,3267.050048828125,3837.949951171875,3227.0,3823.949951171875,22331618
2024-11-01,3249.0,3249.0,3369.85009765625,3106.0,3304.0,26238789
2024-12-01,3253.14990234375,3253.14990234375,3518.0,3222.050048828125,3249.0,20940022
2025-01-01,3325.89990234375,3325.89990234375,3576.699951171875,3244.050048828125,3248.0,19899787
